{
    "weights": [
        [
            -0.008209598175724609,
            0.3763310714524946,
            -0.2524116379070522,
            0.9877406958402732,
            0.09308663764296482
        ],
        [
            0.5332072848343111,
            0.9980995294496701,
            -0.4869852847305367,
            0.4241859800708465,
            0.32161867109030523
        ],
        [
            -0.260610599762198,
            -0.9820770663468791
        ]
    ],
    "biases": [
        [
            -0.9869254280983006,
            0.9989656004684764,
            0.15230202536406448,
            -0.996035425176571,
            -0.6410284289038466
        ],
        [
            -0.18474425992135973,
            -0.0936907568434532,
            -0.3905343211447501,
            0.04048072145286962,
            -0.0430677903441292
        ],
        [
            0.671070105480977,
            -0.7404843783567816
        ]
    ]
}
