{
    "weights": [
        [
            0.6093299838894009,
            -0.5527625175279158,
            0.20616314426472737,
            0.668059617751446,
            -0.007808081781837797
        ],
        [
            0.6499712608666213,
            -1.0,
            0.08679938689425443,
            -0.8370560469116388,
            -0.45351651328882275
        ],
        [
            -0.4302927895307596,
            0.8769124611931164
        ]
    ],
    "biases": [
        [
            0.24753307077255293,
            -0.5669410671374531,
            -0.23327737657109843,
            0.7749399929312393,
            0.09254791188148204
        ],
        [
            -0.8837775166314874,
            0.0072998523121131365,
            -0.3016771301543117,
            0.7454992923825833,
            -0.1643805708928173
        ],
        [
            0.3302735726791103,
            -0.19243500886925713
        ]
    ]
}
