{
    "weights": [
        [
            0.1516409326416624,
            0.3986323774100077,
            0.8710079881449134,
            -0.9762142941962689,
            0.9394192149709326
        ],
        [
            -0.7365531379024978,
            0.5414727634007698,
            -0.6525453627457868,
            0.1856240344209673,
            0.5012526437948593
        ],
        [
            -0.18474330849446108,
            -0.6516478418257774
        ]
    ],
    "biases": [
        [
            0.6253546643342056,
            -0.5979307925367304,
            0.5489461291352238,
            0.4544758879633384,
            0.9141954930056002
        ],
        [
            -0.9477882917337738,
            0.39092783855717356,
            -0.04906180347859414,
            -0.36987805774986565,
            -0.33641713563716513
        ],
        [
            0.7038555779907568,
            -0.2238603753123644
        ]
    ]
}
